NHLBI key,Snp Id,Pvalue,PMID,Location,Phenotype,Phenotype Category,chr,pos,InGene,Journal,DatePub,PhenotypeDesc,InclMaleFemale,ExclMaleFemale,InitialSampleDesc,ReplicationSampleDesc,GWAS,TotalDiscovery,TotalReplication,TotalSamples,DbSnpMAF,DbSnpPalle,DbSnpValidation,ORegAnno,ConservPredTFBS,HumanEnhancer,RNAEdit,InLincRNA,InMiRNA,InMiRNABS,PolyPhen2,SIFT,LSSnp,UniProt,Platform,FunctionalClass,OmimId,LastCurationDate,CreationDate,SNPidCurrent,UpStreamGeneSymbol,UpStreamDistance,DownStreamGeneSymbol,DownStreamDistance,NearestGene,Intergenic,DbSNPfxn,SnpGeneSymbols
2146084110598,rs6857,2.18E-320,<a href='http://www.ncbi.nlm.nih.gov/pubmed/21460841' target='_blank'>21460841</a>,Table S5,Late onset Alzheimer's disease,"Neuro,Alzheimer's disease",19,44888997,(PVRL2),Nat Genet,2011/04/03 00:00,"Alzheimer's disease, late onset",n,n,"8309 EA cases, 7366 EA controls","10523 EA cases, 28231 EA controls",European,15675,38754,54429,T;0.1145,A/G;0.189736;0.242628,YES,,,,,,,,,,,,Affymetrix & Illumina [2324889] (imputed),UTR-3,,2012/08/17 00:00,2012/08/17 00:00,rs6857,,,,,,0,UTR-3,(PVRL2)
214608412478794,rs4420638,1.0E-300,<a href='http://www.ncbi.nlm.nih.gov/pubmed/21460841' target='_blank'>21460841</a>,Table S5,Late onset Alzheimer's disease,"Neuro,Alzheimer's disease",19,44919689,,Nat Genet,2011/04/03 00:00,"Alzheimer's disease, late onset",n,n,"8309 EA cases, 7366 EA controls","10523 EA cases, 28231 EA controls",European,15675,38754,54429,G;0.1639,A/G;?;?,YES,,,,,,,,,,,,Affymetrix & Illumina [2324889] (imputed),nearGene-3,107741,2012/08/17 00:00,2012/08/17 00:00,rs4420638,,,,,,0,nearGene-3,(APOC1)
214608411544498,rs2075650,1.3E-299,<a href='http://www.ncbi.nlm.nih.gov/pubmed/21460841' target='_blank'>21460841</a>,Table S5,Late onset Alzheimer's disease,"Neuro,Alzheimer's disease",19,44892362,(TOMM40),Nat Genet,2011/04/03 00:00,"Alzheimer's disease, late onset",n,n,"8309 EA cases, 7366 EA controls","10523 EA cases, 28231 EA controls",European,15675,38754,54429,G;0.1337,A/G;?;?,YES,,,,,,,,,,,,Affymetrix & Illumina [2324889] (imputed),intron,104310,2012/08/17 00:00,2012/08/17 00:00,rs2075650,,,,,,0,intron,(TOMM40)
204606221544481,rs2075650,1.0E-295,<a href='http://www.ncbi.nlm.nih.gov/pubmed/20460622' target='_blank'>20460622</a>,Table2,Alzheimer's disease,"Neuro,Alzheimer's disease",19,44892362,(TOMM40),JAMA,2010/05/12 00:00,Alzheimer's disease,n,n,"973 EA incident cases, 2033 EA cases, 14642 EA controls",6505 EA cases + 13532 controls,European,17648,20037,37685,G;0.1337,A/G;?;?,YES,,,,,,,,,,,,Affymetrix & Illumina [~2.5 million] (imputed),intron,104310,2012/08/17 00:00,2012/08/17 00:00,rs2075650,,,,,,0,intron,(TOMM40)
2146084172159,rs157582,7.0E-294,<a href='http://www.ncbi.nlm.nih.gov/pubmed/21460841' target='_blank'>21460841</a>,Table S5,Late onset Alzheimer's disease,"Neuro,Alzheimer's disease",19,44892962,(TOMM40),Nat Genet,2011/04/03 00:00,"Alzheimer's disease, late onset",n,n,"8309 EA cases, 7366 EA controls","10523 EA cases, 28231 EA controls",European,15675,38754,54429,T;0.2775,A/G;0.425709;0.177838,YES,,,,,,,,,,,,Affymetrix & Illumina [2324889] (imputed),intron,,2012/08/17 00:00,2012/08/17 00:00,rs157582,,,,,,0,intron,(TOMM40)
214608401544497,rs2075650,7.8E-266,<a href='http://www.ncbi.nlm.nih.gov/pubmed/21460840' target='_blank'>21460840</a>,TableS2,Alzheimer's disease,"Neuro,Alzheimer's disease",19,44892362,(TOMM40),Nat Genet,2011/04/03 00:00,Alzheimer's disease,n,n,"6688 EA cases, 13685 EA controls","13182 EA cases, 26161 EA controls",European,20373,39343,59716,G;0.1337,A/G;?;?,YES,,,,,,,,,,,,Affymetrix & Illumina [496763],intron,104310,2012/08/17 00:00,2012/08/17 00:00,rs2075650,,,,,,0,intron,(TOMM40)
2146084117106,rs10119,1.4E-200,<a href='http://www.ncbi.nlm.nih.gov/pubmed/21460841' target='_blank'>21460841</a>,Table S5,Late onset Alzheimer's disease,"Neuro,Alzheimer's disease",19,44903416,(TOMM40),Nat Genet,2011/04/03 00:00,"Alzheimer's disease, late onset",n,n,"8309 EA cases, 7366 EA controls","10523 EA cases, 28231 EA controls",European,15675,38754,54429,A;0.2569,C/T;0.285953;0.247401,YES,,,,,,,,,,,,Affymetrix & Illumina [2324889] (imputed),UTR-3,,2012/08/17 00:00,2012/08/17 00:00,rs10119,,,,,,0,UTR-3,(TOMM40)
204606222478775,rs4420638,1.6E-166,<a href='http://www.ncbi.nlm.nih.gov/pubmed/20460622' target='_blank'>20460622</a>,TableS2,Alzheimer's disease,"Neuro,Alzheimer's disease",19,44919689,,JAMA,2010/05/12 00:00,Alzheimer's disease,n,n,"973 EA incident cases, 2033 EA cases, 14642 EA controls",6505 EA cases + 13532 controls,European,17648,20037,37685,G;0.1639,A/G;?;?,YES,,,,,,,,,,,,Affymetrix & Illumina [~2.5 million] (imputed),nearGene-3,107741,2012/08/17 00:00,2012/08/17 00:00,rs4420638,,,,,,0,nearGene-3,(APOC1)
197349021544467,rs2075650,1.8E-157,<a href='http://www.ncbi.nlm.nih.gov/pubmed/19734902' target='_blank'>19734902</a>,Table S2,Alzheimer's disease,"Neuro,Alzheimer's disease",19,44892362,(TOMM40),Nat Genet,2009/09/06 00:00,Alzheimer's disease,n,n,"3941 EA cases, 7848 EA controls","2023 EA cases, 2340 EA controls",European,11789,4363,16152,G;0.1337,A/G;?;?,YES,,,,,,,,,,,,Illumina [529205],intron,104310,2012/08/17 00:00,2012/08/17 00:00,rs2075650,,,,,,0,intron,(TOMM40)
2046062210590,rs6857,1.0E-153,<a href='http://www.ncbi.nlm.nih.gov/pubmed/20460622' target='_blank'>20460622</a>,TableS2,Alzheimer's disease,"Neuro,Alzheimer's disease",19,44888997,(PVRL2),JAMA,2010/05/12 00:00,Alzheimer's disease,n,n,"973 EA incident cases, 2033 EA cases, 14642 EA controls",6505 EA cases + 13532 controls,European,17648,20037,37685,T;0.1145,A/G;0.189736;0.242628,YES,,,,,,,,,,,,Affymetrix & Illumina [~2.5 million] (imputed),UTR-3,,2012/08/17 00:00,2012/08/17 00:00,rs6857,,,,,,0,UTR-3,(PVRL2)
228329617288597,rs4420638,7.9E-149,<a href='http://www.ncbi.nlm.nih.gov/pubmed/22832961' target='_blank'>22832961</a>,Table 1,Late onset Alzheimer's disease,"Neuro,Alzheimer's disease",19,44919689,,Transl Psychiatry,2012/05/15 00:00,"Alzheimer's disease, late onset",n,n,"1,291 European ancestry cases, 938 European ancestry controls","509 European ancestry cases, 753 European ancestry controls, 2,218 cases, 2,583 controls",European,2229,6063,8292,G;0.163453,A/G;0.274074;0.248838,YES,,,,,,,,,,,,"Illumina [2,543,888] (imputed)",nearGene-3,107741,2014/09/15 00:00,2014/09/15 00:00,rs4420638,,,,,,0,nearGene-3,(APOC1)
221590542478816,rs4420638,1.1E-144,<a href='http://www.ncbi.nlm.nih.gov/pubmed/22159054' target='_blank'>22159054</a>,Table 4,Late onset Alzheimer's disease,"Neuro,Alzheimer's disease",19,44919689,,Arch Neurol,1900/01/01 00:00,Alzheimer's disease,n,n,"513 African American ancestry cases, 496 African American ancestry controls",3568 EA cases + 6205 controls,Mixed,1009,9773,10782,G;0.1639,A/G;?;?,YES,,,,,,,,,,,,Illumina [2505093] (imputed),nearGene-3,107741,2012/08/17 00:00,2012/08/17 00:00,rs4420638,,,,,,0,nearGene-3,(APOC1)
228329616281529,rs6857,4.6E-134,<a href='http://www.ncbi.nlm.nih.gov/pubmed/22832961' target='_blank'>22832961</a>,Table S,Late onset Alzheimer's disease,"Neuro,Alzheimer's disease",19,44888997,(PVRL2),Transl Psychiatry,2012/05/15 00:00,"Alzheimer's disease, late onset",n,n,"1,291 European ancestry cases, 938 European ancestry controls","509 European ancestry cases, 753 European ancestry controls, 2,218 cases, 2,583 controls",European,2229,6063,8292,T;0.114784,A/G;0.203217;0.245584,YES,,,,,,,,,,,,"Illumina [2,543,888] (imputed)",UTR-3,,2014/09/15 00:00,2014/09/15 00:00,rs6857,,,,,,0,UTR-3,(PVRL2)
224306746905056,rs2075650,3.3E-126,<a href='http://www.ncbi.nlm.nih.gov/pubmed/22430674' target='_blank'>22430674</a>,Table 1,Alzheimer's disease,"Neuro,Alzheimer's disease",19,44892362,(TOMM40),Mol Psychiatry,2012/03/20 00:00,Alzheimer's disease,n,n,"2,025 European ancestry cases, 5,328 European ancestry controls","7,913 European ancestry cases, 10,417 European ancestry controls",European,7353,18330,25683,G;0.133609,A/G;0.231515;0.249316,YES,,,,,,,,,,,,Illumina [~7.7 million] (imputed),intron,104310,2014/09/15 00:00,2014/09/15 00:00,rs2075650,,,,,,0,intron,(TOMM40)
191369491544465,rs2075650,3.7E-120,<a href='http://www.ncbi.nlm.nih.gov/pubmed/19136949' target='_blank'>19136949</a>,Table S3,Late onset Alzheimer's disease,"Neuro,Alzheimer's disease",19,44892362,(TOMM40),Nat Genet,2009/01/11 00:00,"Alzheimer's disease, late onset",n,n,"844 EA cases, 1255 controls","1547 EA cases, 1209 controls",European,2099,2756,4855,G;0.1337,A/G;?;?,YES,,,,,,,,,,,,Illumina [313504],intron,104310,2012/08/17 00:00,2012/08/17 00:00,rs2075650,,,,,,0,intron,(TOMM40)
228329616308516,rs157582,7.4E-115,<a href='http://www.ncbi.nlm.nih.gov/pubmed/22832961' target='_blank'>22832961</a>,Table S,Late onset Alzheimer's disease,"Neuro,Alzheimer's disease",19,44892962,(TOMM40),Transl Psychiatry,2012/05/15 00:00,"Alzheimer's disease, late onset",n,n,"1,291 European ancestry cases, 938 European ancestry controls","509 European ancestry cases, 753 European ancestry controls, 2,218 cases, 2,583 controls",European,2229,6063,8292,T;0.277319,A/G;0.400826;0.199378,YES,,,,,,,,,,,,"Illumina [2,543,888] (imputed)",intron,,2014/09/15 00:00,2014/09/15 00:00,rs157582,,,,,,0,intron,(TOMM40)
228329616905069,rs2075650,1.7E-113,<a href='http://www.ncbi.nlm.nih.gov/pubmed/22832961' target='_blank'>22832961</a>,Table S,Late onset Alzheimer's disease,"Neuro,Alzheimer's disease",19,44892362,(TOMM40),Transl Psychiatry,2012/05/15 00:00,"Alzheimer's disease, late onset",n,n,"1,291 European ancestry cases, 938 European ancestry controls","509 European ancestry cases, 753 European ancestry controls, 2,218 cases, 2,583 controls",European,2229,6063,8292,G;0.133609,A/G;0.231515;0.249316,YES,,,,,,,,,,,,"Illumina [2,543,888] (imputed)",intron,104310,2014/09/15 00:00,2014/09/15 00:00,rs2075650,,,,,,0,intron,(TOMM40)
2215905410603,rs6857,1.5E-108,<a href='http://www.ncbi.nlm.nih.gov/pubmed/22159054' target='_blank'>22159054</a>,Table S1,Late onset Alzheimer's disease,"Neuro,Alzheimer's disease",19,44888997,(PVRL2),Arch Neurol,1900/01/01 00:00,Alzheimer's disease,n,n,"513 African American ancestry cases, 496 African American ancestry controls",3568 EA cases + 6205 controls,Mixed,1009,9773,10782,T;0.1145,A/G;0.189736;0.242628,YES,,,,,,,,,,,,Illumina [2505093] (imputed),UTR-3,,2012/08/17 00:00,2012/08/17 00:00,rs6857,,,,,,0,UTR-3,(PVRL2)
2146084172144,rs157580,5.1E-101,<a href='http://www.ncbi.nlm.nih.gov/pubmed/21460841' target='_blank'>21460841</a>,Table S5,Late onset Alzheimer's disease,"Neuro,Alzheimer's disease",19,44892009,(TOMM40),Nat Genet,2011/04/03 00:00,"Alzheimer's disease, late onset",n,n,"8309 EA cases, 7366 EA controls","10523 EA cases, 28231 EA controls",European,15675,38754,54429,G;0.3704,A/G;0.45915;0.136954,YES,,,,,,,,,,,,Affymetrix & Illumina [2324889] (imputed),intron,,2012/08/17 00:00,2012/08/17 00:00,rs157580,,,,,,0,intron,(TOMM40)
221590541544512,rs2075650,1.7E-94,<a href='http://www.ncbi.nlm.nih.gov/pubmed/22159054' target='_blank'>22159054</a>,Table S1,Late onset Alzheimer's disease,"Neuro,Alzheimer's disease",19,44892362,(TOMM40),Arch Neurol,1900/01/01 00:00,Alzheimer's disease,n,n,"513 African American ancestry cases, 496 African American ancestry controls",3568 EA cases + 6205 controls,Mixed,1009,9773,10782,G;0.1337,A/G;?;?,YES,,,,,,,,,,,,Illumina [2505093] (imputed),intron,104310,2012/08/17 00:00,2012/08/17 00:00,rs2075650,,,,,,0,intron,(TOMM40)
2215905472162,rs157582,2.5E-91,<a href='http://www.ncbi.nlm.nih.gov/pubmed/22159054' target='_blank'>22159054</a>,Table S1,Late onset Alzheimer's disease,"Neuro,Alzheimer's disease",19,44892962,(TOMM40),Arch Neurol,1900/01/01 00:00,Alzheimer's disease,n,n,"513 African American ancestry cases, 496 African American ancestry controls",3568 EA cases + 6205 controls,Mixed,1009,9773,10782,T;0.2775,A/G;0.425709;0.177838,YES,,,,,,,,,,,,Illumina [2505093] (imputed),intron,,2012/08/17 00:00,2012/08/17 00:00,rs157582,,,,,,0,intron,(TOMM40)
2146084072143,rs157580,3.7E-90,<a href='http://www.ncbi.nlm.nih.gov/pubmed/21460840' target='_blank'>21460840</a>,TableS2,Alzheimer's disease,"Neuro,Alzheimer's disease",19,44892009,(TOMM40),Nat Genet,2011/04/03 00:00,Alzheimer's disease,n,n,"6688 EA cases, 13685 EA controls","13182 EA cases, 26161 EA controls",European,20373,39343,59716,G;0.3704,A/G;0.45915;0.136954,YES,,,,,,,,,,,,Affymetrix & Illumina [496763],intron,,2012/08/17 00:00,2012/08/17 00:00,rs157580,,,,,,0,intron,(TOMM40)
2162777972145,rs157580,8.1E-89,<a href='http://www.ncbi.nlm.nih.gov/pubmed/21627779' target='_blank'>21627779</a>,Table S3,Alzheimer's disease,"Neuro,Alzheimer's disease",19,44892009,(TOMM40),Genome Med,2011/05/31 00:00,Alzheimer's disease,n,n,"319 Spanish cases, 769 Spanish controls, 2690 (presumed) EA cases, 2237 controls","7172 EA cases, 11335 EA controls",European,6015,18507,24522,G;0.3704,A/G;0.45915;0.136954,YES,,,,,,,,,,,,Affymetrix & Illumina [696707] (imputed),intron,,2012/08/17 00:00,2012/08/17 00:00,rs157580,,,,,,0,intron,(TOMM40)
228329616284604,rs10119,3.1E-85,<a href='http://www.ncbi.nlm.nih.gov/pubmed/22832961' target='_blank'>22832961</a>,Table S,Late onset Alzheimer's disease,"Neuro,Alzheimer's disease",19,44903416,(TOMM40),Transl Psychiatry,2012/05/15 00:00,"Alzheimer's disease, late onset",n,n,"1,291 European ancestry cases, 938 European ancestry controls","509 European ancestry cases, 753 European ancestry controls, 2,218 cases, 2,583 controls",European,2229,6063,8292,A;0.257117,C/T;0.382016;0.212301,YES,,,,,,,,,,,,"Illumina [2,543,888] (imputed)",UTR-3,,2014/09/15 00:00,2014/09/15 00:00,rs10119,,,,,,0,UTR-3,(TOMM40)
213793291544492,rs2075650,2.9E-81,<a href='http://www.ncbi.nlm.nih.gov/pubmed/21379329' target='_blank'>21379329</a>,TableS1,Alzheimer's disease,"Neuro,Alzheimer's disease",19,44892362,(TOMM40),PLoS Genet,2011/02/17 00:00,"Alzheimer's disease, late onset",n,n,"1848 European American case (from families), 1991 European American controls (from families)","231 Caribbean Hispanic cases, 187 Caribbean Hispanic controls, 386 European American cases, 386 European American controls",Mixed,3839,1190,5029,G;0.1337,A/G;?;?,YES,,,,,,,,,,,,Illumina [565336],intron,104310,2012/08/17 00:00,2012/08/17 00:00,rs2075650,,,,,,0,intron,(TOMM40)
21460841297614,rs439401,1.1E-78,<a href='http://www.ncbi.nlm.nih.gov/pubmed/21460841' target='_blank'>21460841</a>,Table S5,Late onset Alzheimer's disease,"Neuro,Alzheimer's disease",19,44911194,,Nat Genet,2011/04/03 00:00,"Alzheimer's disease, late onset",n,n,"8309 EA cases, 7366 EA controls","10523 EA cases, 28231 EA controls",European,15675,38754,54429,T;0.3942,C/T;?;?,YES,,,,,,,,,,,,Affymetrix & Illumina [2324889] (imputed),"upstream,downstream",,2012/08/17 00:00,2012/08/17 00:00,rs439401,APOE,1801,APOC1,3126,APOE,1,,
21390209292315,rs429358,2.7E-78,<a href='http://www.ncbi.nlm.nih.gov/pubmed/21390209' target='_blank'>21390209</a>,Table S1,Late onset Alzheimer's disease,"Neuro,Alzheimer's disease",19,44908684,(APOE),PLoS One,2011/02/24 00:00,Alzheimer's disease,n,n,"1831 EA cases, 1764 EA controls","751 EA cases, 751 EA controls",European,3595,1502,5097,C;0.1493,C/T;?;?,YES,,,,,,,,P02649:C130R;T>C;benign;0.031;0.538;0.955,C130R:(C>R);(0.06>1.00);(TOLERATED>TOLERATED),"(rs429358;(1b68,1bz4,1ea8,1gs9,1h7i,1le2,1le4,1lpe,1nfn,1nfo,1or2,1or3,2kc3,2kny);(A,A,A,A,A,A,A,A,A,A,A,A,A,A);(112,112,112,112,112,112,112,112,112,112,112,112,112,112);(C,C,C,C,C,C,C,C,C,C,C,C,C,C);(R,R,R,R,R,R,R,R,R,R,R,R,R,R);(+,+,+,+,+,+,+,+,+,+,+,+,+,+);(H,H,H,H,H,H,H,H,H,H,H,H,H,);(0.161290322581,0.0148148148148,0,0.262096774194,0,0.0666666666667,0.254032258065,0.0296296296296,0.037037037037,0.00740740740741,0.103703703704,0.00740740740741,0.207407407407,0);(,,,,,,,,,,,,,);(0.155963,0.007143,0.161616,0.188034,0.138614,0.018692,0.336283,0,0.165049,0.163462,0.223301,0.201835,0.390625,0);(0;0;0;0;0;0;0;0;0;0;0;0;0;0)))",(APOE;REPEAT;124-145;3.);(APOE;REGION;80-255;8 X 22 AA approximate tandem repeats.);(APOE;HELIX;105-142;50103706),"Affymetrix & Illumina [450001] (imputed, unspecified)",missense,601367,2012/08/17 00:00,2012/08/17 00:00,rs429358,,,,,,0,missense,(APOE)
2046062217101,rs10119,9.4E-77,<a href='http://www.ncbi.nlm.nih.gov/pubmed/20460622' target='_blank'>20460622</a>,TableS2,Alzheimer's disease,"Neuro,Alzheimer's disease",19,44903416,(TOMM40),JAMA,2010/05/12 00:00,Alzheimer's disease,n,n,"973 EA incident cases, 2033 EA cases, 14642 EA controls",6505 EA cases + 13532 controls,European,17648,20037,37685,A;0.2569,C/T;0.285953;0.247401,YES,,,,,,,,,,,,Affymetrix & Illumina [~2.5 million] (imputed),UTR-3,,2012/08/17 00:00,2012/08/17 00:00,rs10119,,,,,,0,UTR-3,(TOMM40)
2146084110634,rs6859,5.6E-74,<a href='http://www.ncbi.nlm.nih.gov/pubmed/21460841' target='_blank'>21460841</a>,Table S5,Late onset Alzheimer's disease,"Neuro,Alzheimer's disease",19,44878777,(PVRL2),Nat Genet,2011/04/03 00:00,"Alzheimer's disease, late onset",n,n,"8309 EA cases, 7366 EA controls","10523 EA cases, 28231 EA controls",European,15675,38754,54429,A;0.3906,A/G;0.473806;0.111403,YES,,,,,,,,,,,,Affymetrix & Illumina [2324889] (imputed),intron,,2012/08/17 00:00,2012/08/17 00:00,rs6859,,,,,,0,intron,(PVRL2)
2215905417108,rs10119,8.1E-70,<a href='http://www.ncbi.nlm.nih.gov/pubmed/22159054' target='_blank'>22159054</a>,Table 4,Late onset Alzheimer's disease,"Neuro,Alzheimer's disease",19,44903416,(TOMM40),Arch Neurol,1900/01/01 00:00,Alzheimer's disease,n,n,"513 African American ancestry cases, 496 African American ancestry controls",3568 EA cases + 6205 controls,Mixed,1009,9773,10782,A;0.2569,C/T;0.285953;0.247401,YES,,,,,,,,,,,,Illumina [2505093] (imputed),UTR-3,,2012/08/17 00:00,2012/08/17 00:00,rs10119,,,,,,0,UTR-3,(TOMM40)
214608412705967,rs4803763,9.9E-69,<a href='http://www.ncbi.nlm.nih.gov/pubmed/21460841' target='_blank'>21460841</a>,Table S5,Late onset Alzheimer's disease,"Neuro,Alzheimer's disease",19,44854034,(PVRL2),Nat Genet,2011/04/03 00:00,"Alzheimer's disease, late onset",n,n,"8309 EA cases, 7366 EA controls","10523 EA cases, 28231 EA controls",European,15675,38754,54429,C;0.2212,C/G;?;?,YES,,,,,,,,,,,,Affymetrix & Illumina [2324889] (imputed),intron,,2012/08/17 00:00,2012/08/17 00:00,rs4803763,,,,,,0,intron,(PVRL2)
21460841279742,rs405509,1.8E-67,<a href='http://www.ncbi.nlm.nih.gov/pubmed/21460841' target='_blank'>21460841</a>,Table S5,Late onset Alzheimer's disease,"Neuro,Alzheimer's disease",19,44905579,,Nat Genet,2011/04/03 00:00,"Alzheimer's disease, late onset",n,n,"8309 EA cases, 7366 EA controls","10523 EA cases, 28231 EA controls",European,15675,38754,54429,T;0.4927,A/C;?;?,YES,Feature start:end=45408836:45408836(OREG0001951:REGULATORY POLYMORPHISM;APOE;;;Direct gel shift; Transient transfection luciferase assay;rs405509;9468288;),,,,,,,,,,,Affymetrix & Illumina [2324889] (imputed),nearGene-5,,2012/08/17 00:00,2012/08/17 00:00,rs405509,,,,,,0,nearGene-5,(APOE)
214608403987782,rs8106922,2.3E-65,<a href='http://www.ncbi.nlm.nih.gov/pubmed/21460840' target='_blank'>21460840</a>,TableS2,Alzheimer's disease,"Neuro,Alzheimer's disease",19,44898409,(TOMM40),Nat Genet,2011/04/03 00:00,Alzheimer's disease,n,n,"6688 EA cases, 13685 EA controls","13182 EA cases, 26161 EA controls",European,20373,39343,59716,G;0.3017,A/G;?;?,YES,,,,,,,,,,,,Affymetrix & Illumina [496763],intron,,2012/08/17 00:00,2012/08/17 00:00,rs8106922,,,,,,0,intron,(TOMM40)
214608413987783,rs8106922,5.4E-63,<a href='http://www.ncbi.nlm.nih.gov/pubmed/21460841' target='_blank'>21460841</a>,Table S5,Late onset Alzheimer's disease,"Neuro,Alzheimer's disease",19,44898409,(TOMM40),Nat Genet,2011/04/03 00:00,"Alzheimer's disease, late onset",n,n,"8309 EA cases, 7366 EA controls","10523 EA cases, 28231 EA controls",European,15675,38754,54429,G;0.3017,A/G;?;?,YES,,,,,,,,,,,,Affymetrix & Illumina [2324889] (imputed),intron,,2012/08/17 00:00,2012/08/17 00:00,rs8106922,,,,,,0,intron,(TOMM40)
216277793987784,rs8106922,5.6E-62,<a href='http://www.ncbi.nlm.nih.gov/pubmed/21627779' target='_blank'>21627779</a>,Table S3,Alzheimer's disease,"Neuro,Alzheimer's disease",19,44898409,(TOMM40),Genome Med,2011/05/31 00:00,Alzheimer's disease,n,n,"319 Spanish cases, 769 Spanish controls, 2690 (presumed) EA cases, 2237 controls","7172 EA cases, 11335 EA controls",European,6015,18507,24522,G;0.3017,A/G;?;?,YES,,,,,,,,,,,,Affymetrix & Illumina [696707] (imputed),intron,,2012/08/17 00:00,2012/08/17 00:00,rs8106922,,,,,,0,intron,(TOMM40)
20885792292314,rs429358,5.5E-58,<a href='http://www.ncbi.nlm.nih.gov/pubmed/20885792' target='_blank'>20885792</a>,Text,Late onset Alzheimer's disease,"Neuro,Alzheimer's disease",19,44908684,(APOE),PLoS Genet,2010/09/23 00:00,"Alzheimer's disease, late onset",n,n,"931 (unspecified) cases, 1104 controls","1338 (unspecified) cases, 2003 controls",Unspecified,2035,3341,5376,C;0.1493,C/T;?;?,YES,,,,,,,,P02649:C130R;T>C;benign;0.031;0.538;0.955,C130R:(C>R);(0.06>1.00);(TOLERATED>TOLERATED),"(rs429358;(1b68,1bz4,1ea8,1gs9,1h7i,1le2,1le4,1lpe,1nfn,1nfo,1or2,1or3,2kc3,2kny);(A,A,A,A,A,A,A,A,A,A,A,A,A,A);(112,112,112,112,112,112,112,112,112,112,112,112,112,112);(C,C,C,C,C,C,C,C,C,C,C,C,C,C);(R,R,R,R,R,R,R,R,R,R,R,R,R,R);(+,+,+,+,+,+,+,+,+,+,+,+,+,+);(H,H,H,H,H,H,H,H,H,H,H,H,H,);(0.161290322581,0.0148148148148,0,0.262096774194,0,0.0666666666667,0.254032258065,0.0296296296296,0.037037037037,0.00740740740741,0.103703703704,0.00740740740741,0.207407407407,0);(,,,,,,,,,,,,,);(0.155963,0.007143,0.161616,0.188034,0.138614,0.018692,0.336283,0,0.165049,0.163462,0.223301,0.201835,0.390625,0);(0;0;0;0;0;0;0;0;0;0;0;0;0;0)))",(APOE;REPEAT;124-145;3.);(APOE;REGION;80-255;8 X 22 AA approximate tandem repeats.);(APOE;HELIX;105-142;50103706),Illumina [483399],missense,601367,2012/08/17 00:00,2012/08/17 00:00,rs429358,,,,,,0,missense,(APOE)
2088579212096,rs7412,5.5E-58,<a href='http://www.ncbi.nlm.nih.gov/pubmed/20885792' target='_blank'>20885792</a>,Text,Late onset Alzheimer's disease,"Neuro,Alzheimer's disease",19,44908822,(APOE),PLoS Genet,2010/09/23 00:00,"Alzheimer's disease, late onset",n,n,"931 (unspecified) cases, 1104 controls","1338 (unspecified) cases, 2003 controls",Unspecified,2035,3341,5376,T;0.0742,C/T;0.116275;0.211229,YES,,,,,,,,P02649:R176C;C>T;probablydamaging;0.999;0.00635;0.061,R176C:(R>C);(1.00>0.01);(TOLERATED>DELETERIOUS),"(rs7412;(1b68,1bz4,1ea8,1gs9,1h7i,1le2,1le4,1lpe,1nfn,1nfo,1or2,1or3,2kc3);(A,A,A,A,A,A,A,A,A,A,A,A,A);(158,158,158,158,158,158,158,158,158,158,158,158,158);(R,R,R,R,R,R,R,R,R,R,R,R,R);(C,C,C,C,C,C,C,C,C,C,C,C,C);(+,+,+,+,+,+,+,+,+,+,+,+,+);(H,H,H,H,H,H,H,H,H,H,H,H,H);(0.310483870968,0.338709677419,0.350806451613,0.33064516129,0.342741935484,0.2,0.338709677419,0.334677419355,0.383064516129,0.222222222222,0.274193548387,0.233870967742,0.116935483871);(,,,,,,,,,,,,);(0.256881,0.1,0.272727,0.529915,0.267327,0,0.185841,0.138614,0.271845,0.259615,0.223301,0.53211,0.125);(0;0;0;0;0;0;0;0;0;0;0;0;0)))",(APOE;REPEAT;168-189;5.);(APOE;REGION;80-255;8 X 22 AA approximate tandem repeats.);(APOE;HELIX;149-179;50103838),Illumina [483399],missense,601367,2012/08/17 00:00,2012/08/17 00:00,rs7412,,,,,,0,missense,(APOE)
1973490272118,rs157580,9.6E-54,<a href='http://www.ncbi.nlm.nih.gov/pubmed/19734902' target='_blank'>19734902</a>,Table S2,Alzheimer's disease,"Neuro,Alzheimer's disease",19,44892009,(TOMM40),Nat Genet,2009/09/06 00:00,Alzheimer's disease,n,n,"3941 EA cases, 7848 EA controls","2023 EA cases, 2340 EA controls",European,11789,4363,16152,G;0.3704,A/G;0.45915;0.136954,YES,,,,,,,,,,,,Illumina [529205],intron,,2012/08/17 00:00,2012/08/17 00:00,rs157580,,,,,,0,intron,(TOMM40)
21460840279741,rs405509,6.4E-53,<a href='http://www.ncbi.nlm.nih.gov/pubmed/21460840' target='_blank'>21460840</a>,TableS2,Alzheimer's disease,"Neuro,Alzheimer's disease",19,44905579,,Nat Genet,2011/04/03 00:00,Alzheimer's disease,n,n,"6688 EA cases, 13685 EA controls","13182 EA cases, 26161 EA controls",European,20373,39343,59716,T;0.4927,A/C;?;?,YES,Feature start:end=45408836:45408836(OREG0001951:REGULATORY POLYMORPHISM;APOE;;;Direct gel shift; Transient transfection luciferase assay;rs405509;9468288;),,,,,,,,,,,Affymetrix & Illumina [496763],nearGene-5,,2012/08/17 00:00,2012/08/17 00:00,rs405509,,,,,,0,nearGene-5,(APOE)
2146084010633,rs6859,1.3E-52,<a href='http://www.ncbi.nlm.nih.gov/pubmed/21460840' target='_blank'>21460840</a>,TableS2,Alzheimer's disease,"Neuro,Alzheimer's disease",19,44878777,(PVRL2),Nat Genet,2011/04/03 00:00,Alzheimer's disease,n,n,"6688 EA cases, 13685 EA controls","13182 EA cases, 26161 EA controls",European,20373,39343,59716,A;0.3906,A/G;0.473806;0.111403,YES,,,,,,,,,,,,Affymetrix & Illumina [496763],intron,,2012/08/17 00:00,2012/08/17 00:00,rs6859,,,,,,0,intron,(PVRL2)
208857921544487,rs2075650,2.5E-52,<a href='http://www.ncbi.nlm.nih.gov/pubmed/20885792' target='_blank'>20885792</a>,TableS2,Late onset Alzheimer's disease,"Neuro,Alzheimer's disease",19,44892362,(TOMM40),PLoS Genet,2010/09/23 00:00,"Alzheimer's disease, late onset",n,n,"931 (unspecified) cases, 1104 controls","1338 (unspecified) cases, 2003 controls",Unspecified,2035,3341,5376,G;0.1337,A/G;?;?,YES,,,,,,,,,,,,Illumina [483399],intron,104310,2012/08/17 00:00,2012/08/17 00:00,rs2075650,,,,,,0,intron,(TOMM40)
210989781544491,rs2075650,7.4E-52,<a href='http://www.ncbi.nlm.nih.gov/pubmed/21098978' target='_blank'>21098978</a>,Text,Alzheimer's disease,"Neuro,Alzheimer's disease",19,44892362,(TOMM40),J Alzheimers Dis,2010/11/23 00:00,Alzheimer's disease,n,n,"124 Arab Wadi Ara cases, 142 Arab Wadi Ara controls","4578 EA cases, 6150 EA controls, 931 EA/Ashkenazi cases, 1104 EA/Ashkenazi controls",Mixed,266,12763,13029,G;0.1337,A/G;?;?,YES,,,,,,,,,,,,Illumina [~300000],intron,104310,2012/08/17 00:00,2012/08/17 00:00,rs2075650,,,,,,0,intron,(TOMM40)
2200593072160,rs157582,9.3E-52,<a href='http://www.ncbi.nlm.nih.gov/pubmed/22005930' target='_blank'>22005930</a>,Table S2,Alzheimer's disease with psychotic symptoms (Alzheimer's disease with psychotic symptoms v. controls),"Neuro,Alzheimer's disease,Behavioral",19,44892962,(TOMM40),Mol Psychiatry,2011/10/18 00:00,Alzheimer's disease with psychotic symptoms,n,n,"7679 EA samples, 12 AA samples, 2 Native American samples",,Mixed,7693,0,7693,T;0.2775,A/G;0.425709;0.177838,YES,,,,,,,,,,,,Illumina [>1.8 million] (imputed),intron,,2012/08/17 00:00,2012/08/17 00:00,rs157582,,,,,,0,intron,(TOMM40)
2200593010601,rs6857,1.3E-51,<a href='http://www.ncbi.nlm.nih.gov/pubmed/22005930' target='_blank'>22005930</a>,Table S2,Alzheimer's disease with psychotic symptoms (Alzheimer's disease with psychotic symptoms v. controls),"Neuro,Alzheimer's disease,Behavioral",19,44888997,(PVRL2),Mol Psychiatry,2011/10/18 00:00,Alzheimer's disease with psychotic symptoms,n,n,"7679 EA samples, 12 AA samples, 2 Native American samples",,Mixed,7693,0,7693,T;0.1145,A/G;0.189736;0.242628,YES,,,,,,,,,,,,Illumina [>1.8 million] (imputed),UTR-3,,2012/08/17 00:00,2012/08/17 00:00,rs6857,,,,,,0,UTR-3,(PVRL2)
214608412138002,rs2927480,5.0E-49,<a href='http://www.ncbi.nlm.nih.gov/pubmed/21460841' target='_blank'>21460841</a>,Table S5,Late onset Alzheimer's disease,"Neuro,Alzheimer's disease",19,44834128,,Nat Genet,2011/04/03 00:00,"Alzheimer's disease, late onset",n,n,"8309 EA cases, 7366 EA controls","10523 EA cases, 28231 EA controls",European,15675,38754,54429,C;0.2344,C/G;?;?,YES,,,,,,,,,,,,Affymetrix & Illumina [2324889] (imputed),"upstream,downstream",,2012/08/17 00:00,2012/08/17 00:00,rs2927480,BCAM,12707,PVRL2,12008,PVRL2,1,,
214608413557761,rs7359852,6.0E-49,<a href='http://www.ncbi.nlm.nih.gov/pubmed/21460841' target='_blank'>21460841</a>,Table S5,Late onset Alzheimer's disease,"Neuro,Alzheimer's disease",19,44832778,,Nat Genet,2011/04/03 00:00,"Alzheimer's disease, late onset",n,n,"8309 EA cases, 7366 EA controls","10523 EA cases, 28231 EA controls",European,15675,38754,54429,C;0.2866,C/T;?;?,YES,,,,,,,,,,,,Affymetrix & Illumina [2324889] (imputed),"upstream,downstream",,2012/08/17 00:00,2012/08/17 00:00,rs7359852,BCAM,11357,PVRL2,13358,BCAM,1,,
21627779297618,rs439401,1.8E-48,<a href='http://www.ncbi.nlm.nih.gov/pubmed/21627779' target='_blank'>21627779</a>,Table S3,Alzheimer's disease,"Neuro,Alzheimer's disease",19,44911194,,Genome Med,2011/05/31 00:00,Alzheimer's disease,n,n,"319 Spanish cases, 769 Spanish controls, 2690 (presumed) EA cases, 2237 controls","7172 EA cases, 11335 EA controls",European,6015,18507,24522,T;0.3942,C/T;?;?,YES,,,,,,,,,,,,Affymetrix & Illumina [696707] (imputed),"upstream,downstream",,2012/08/17 00:00,2012/08/17 00:00,rs439401,APOE,1801,APOC1,3126,APOE,1,,
235715876403225,rs429358,5.5E-47,<a href='http://www.ncbi.nlm.nih.gov/pubmed/23571587' target='_blank'>23571587</a>,Text,Late onset Alzheimer's disease,"Neuro,Alzheimer's disease",19,44908684,(APOE),JAMA,2013/04/10 00:00,"Alzheimer's disease, late onset",n,n,"1,968 African American cases, 3,928 African American controls",,African,5896,0,5896,C;0.149219,C/T;0.253905;0.249969,YES,,,,,,,,P02649:C130R;T>C;benign;0.031;0.538;0.955,C130R:(C>R);(0.06>1.00);(TOLERATED>TOLERATED),"(rs429358;(1b68,1bz4,1ea8,1gs9,1h7i,1le2,1le4,1lpe,1nfn,1nfo,1or2,1or3,2kc3,2kny);(A,A,A,A,A,A,A,A,A,A,A,A,A,A);(112,112,112,112,112,112,112,112,112,112,112,112,112,112);(C,C,C,C,C,C,C,C,C,C,C,C,C,C);(R,R,R,R,R,R,R,R,R,R,R,R,R,R);(+,+,+,+,+,+,+,+,+,+,+,+,+,+);(H,H,H,H,H,H,H,H,H,H,H,H,H,);(0.161290322581,0.0148148148148,0,0.262096774194,0,0.0666666666667,0.254032258065,0.0296296296296,0.037037037037,0.00740740740741,0.103703703704,0.00740740740741,0.207407407407,0);(,,,,,,,,,,,,,);(0.155963,0.007143,0.161616,0.188034,0.138614,0.018692,0.336283,0,0.165049,0.163462,0.223301,0.201835,0.390625,0);(0;0;0;0;0;0;0;0;0;0;0;0;0;0)))",,"Illumina [17,332,474] (imputed)",missense,601367,2014/09/15 00:00,2014/09/15 00:00,rs429358,,,,,,0,missense,(APOE)
235625406510859,rs769449,9.0E-47,<a href='http://www.ncbi.nlm.nih.gov/pubmed/23562540' target='_blank'>23562540</a>,Table2,Cerebrospinal fluid (CSF) amyloid-beta (Ab42),"Quantitative trait(s),Neuro,Alzheimer's disease",19,44906745,(APOE),Neuron,2013/04/03 00:00,Cerebrospinal fluid tau,n,n,"591 European ancestry cases, 687 European ancestry controls",,European,1278,0,1278,A;0.0821855,A/G;0.150861;0.229502,YES,,,,,,,,,,,,"Illumina [5,815,690] (imputed)",intron,,2014/09/15 00:00,2014/09/15 00:00,rs769449,,,,,,0,intron,(APOE)
21460841279851,rs405697,1.3E-46,<a href='http://www.ncbi.nlm.nih.gov/pubmed/21460841' target='_blank'>21460841</a>,Table S5,Late onset Alzheimer's disease,"Neuro,Alzheimer's disease",19,44901434,(TOMM40),Nat Genet,2011/04/03 00:00,"Alzheimer's disease, late onset",n,n,"8309 EA cases, 7366 EA controls","10523 EA cases, 28231 EA controls",European,15675,38754,54429,A;0.3214,C/T;?;?,YES,,,,(+;A;I;rs405697;TOMM40;I;;testis;3;0;15342557),,,,,,,,Affymetrix & Illumina [2324889] (imputed),cds-synon,,2012/08/17 00:00,2012/08/17 00:00,rs405697,,,,,,0,cds-synon,(TOMM40)
21460840297613,rs439401,1.4E-46,<a href='http://www.ncbi.nlm.nih.gov/pubmed/21460840' target='_blank'>21460840</a>,TableS2,Alzheimer's disease,"Neuro,Alzheimer's disease",19,44911194,,Nat Genet,2011/04/03 00:00,Alzheimer's disease,n,n,"6688 EA cases, 13685 EA controls","13182 EA cases, 26161 EA controls",European,20373,39343,59716,T;0.3942,C/T;?;?,YES,,,,,,,,,,,,Affymetrix & Illumina [496763],"upstream,downstream",,2012/08/17 00:00,2012/08/17 00:00,rs439401,APOE,1801,APOC1,3126,APOE,1,,
2046062272129,rs157580,1.9E-46,<a href='http://www.ncbi.nlm.nih.gov/pubmed/20460622' target='_blank'>20460622</a>,TableS2,Alzheimer's disease,"Neuro,Alzheimer's disease",19,44892009,(TOMM40),JAMA,2010/05/12 00:00,Alzheimer's disease,n,n,"973 EA incident cases, 2033 EA cases, 14642 EA controls",6505 EA cases + 13532 controls,European,17648,20037,37685,G;0.3704,A/G;0.45915;0.136954,YES,,,,,,,,,,,,Affymetrix & Illumina [~2.5 million] (imputed),intron,,2012/08/17 00:00,2012/08/17 00:00,rs157580,,,,,,0,intron,(TOMM40)
213902091544493,rs2075650,2.7E-46,<a href='http://www.ncbi.nlm.nih.gov/pubmed/21390209' target='_blank'>21390209</a>,Table S1,Late onset Alzheimer's disease,"Neuro,Alzheimer's disease",19,44892362,(TOMM40),PLoS One,2011/02/24 00:00,Alzheimer's disease,n,n,"1831 EA cases, 1764 EA controls","751 EA cases, 751 EA controls",European,3595,1502,5097,G;0.1337,A/G;?;?,YES,,,,,,,,,,,,"Affymetrix & Illumina [450001] (imputed, unspecified)",intron,104310,2012/08/17 00:00,2012/08/17 00:00,rs2075650,,,,,,0,intron,(TOMM40)
214608414506749,rs10402271,8.8E-46,<a href='http://www.ncbi.nlm.nih.gov/pubmed/21460841' target='_blank'>21460841</a>,Table S5,Late onset Alzheimer's disease,"Neuro,Alzheimer's disease",19,44825957,,Nat Genet,2011/04/03 00:00,"Alzheimer's disease, late onset",n,n,"8309 EA cases, 7366 EA controls","10523 EA cases, 28231 EA controls",European,15675,38754,54429,G;0.2486,G/T;?;?,YES,,,,,,,,,,,,Affymetrix & Illumina [2324889] (imputed),"upstream,downstream",,2012/08/17 00:00,2012/08/17 00:00,rs10402271,BCAM,4536,PVRL2,20179,BCAM,1,,
220059301544510,rs2075650,8.9E-46,<a href='http://www.ncbi.nlm.nih.gov/pubmed/22005930' target='_blank'>22005930</a>,Table S2,Alzheimer's disease with psychotic symptoms (Alzheimer's disease with psychotic symptoms v. controls),"Neuro,Alzheimer's disease,Behavioral",19,44892362,(TOMM40),Mol Psychiatry,2011/10/18 00:00,Alzheimer's disease with psychotic symptoms,n,n,"7679 EA samples, 12 AA samples, 2 Native American samples",,Mixed,7693,0,7693,G;0.1337,A/G;?;?,YES,,,,,,,,,,,,Illumina [>1.8 million] (imputed),intron,104310,2012/08/17 00:00,2012/08/17 00:00,rs2075650,,,,,,0,intron,(TOMM40)
2088579272158,rs157582,3.5E-45,<a href='http://www.ncbi.nlm.nih.gov/pubmed/20885792' target='_blank'>20885792</a>,TableS2,Late onset Alzheimer's disease,"Neuro,Alzheimer's disease",19,44892962,(TOMM40),PLoS Genet,2010/09/23 00:00,"Alzheimer's disease, late onset",n,n,"931 (unspecified) cases, 1104 controls","1338 (unspecified) cases, 2003 controls",Unspecified,2035,3341,5376,T;0.2775,A/G;0.425709;0.177838,YES,,,,,,,,,,,,Illumina [483399],intron,,2012/08/17 00:00,2012/08/17 00:00,rs157582,,,,,,0,intron,(TOMM40)
216277794506750,rs10402271,6.3E-45,<a href='http://www.ncbi.nlm.nih.gov/pubmed/21627779' target='_blank'>21627779</a>,Table S3,Alzheimer's disease,"Neuro,Alzheimer's disease",19,44825957,,Genome Med,2011/05/31 00:00,Alzheimer's disease,n,n,"319 Spanish cases, 769 Spanish controls, 2690 (presumed) EA cases, 2237 controls","7172 EA cases, 11335 EA controls",European,6015,18507,24522,G;0.2486,G/T;?;?,YES,,,,,,,,,,,,Affymetrix & Illumina [696707] (imputed),"upstream,downstream",,2012/08/17 00:00,2012/08/17 00:00,rs10402271,BCAM,4536,PVRL2,20179,BCAM,1,,
179984372478737,rs4420638,2.3E-44,<a href='http://www.ncbi.nlm.nih.gov/pubmed/17998437' target='_blank'>17998437</a>,Text,Alzheimer's disease,"Neuro,Alzheimer's disease",19,44919689,,Arch Neurol,2007/11/12 00:00,Alzheimer's disease,n,n,"753 EA cases, 736 controls","418 EA cases, 249 controls",European,1489,667,2156,G;0.1639,A/G;?;?,YES,,,,,,,,,,,,Affymetrix [469438],nearGene-3,107741,2012/08/17 00:00,2012/08/17 00:00,rs4420638,,,,,,0,nearGene-3,(APOC1)
2109897810597,rs6857,2.6E-44,<a href='http://www.ncbi.nlm.nih.gov/pubmed/21098978' target='_blank'>21098978</a>,Text,Alzheimer's disease,"Neuro,Alzheimer's disease",19,44888997,(PVRL2),J Alzheimers Dis,2010/11/23 00:00,Alzheimer's disease,n,n,"124 Arab Wadi Ara cases, 142 Arab Wadi Ara controls","4578 EA cases, 6150 EA controls, 931 EA/Ashkenazi cases, 1104 EA/Ashkenazi controls",Mixed,266,12763,13029,T;0.1145,A/G;0.189736;0.242628,YES,,,,,,,,,,,,Illumina [~300000],UTR-3,,2012/08/17 00:00,2012/08/17 00:00,rs6857,,,,,,0,UTR-3,(PVRL2)
214608412240430,rs3745150,3.5E-42,<a href='http://www.ncbi.nlm.nih.gov/pubmed/21460841' target='_blank'>21460841</a>,Table S5,Late onset Alzheimer's disease,"Neuro,Alzheimer's disease",19,44882502,(PVRL2),Nat Genet,2011/04/03 00:00,"Alzheimer's disease, late onset",n,n,"8309 EA cases, 7366 EA controls","10523 EA cases, 28231 EA controls",European,15675,38754,54429,C;0.3095,C/G;?;?,YES,,,,,,,,,,,,Affymetrix & Illumina [2324889] (imputed),intron,,2012/08/17 00:00,2012/08/17 00:00,rs3745150,,,,,,0,intron,(PVRL2)
1913694972116,rs157580,7.4E-42,<a href='http://www.ncbi.nlm.nih.gov/pubmed/19136949' target='_blank'>19136949</a>,Table S3,Late onset Alzheimer's disease,"Neuro,Alzheimer's disease",19,44892009,(TOMM40),Nat Genet,2009/01/11 00:00,"Alzheimer's disease, late onset",n,n,"844 EA cases, 1255 controls","1547 EA cases, 1209 controls",European,2099,2756,4855,G;0.3704,A/G;0.45915;0.136954,YES,,,,,,,,,,,,Illumina [313504],intron,,2012/08/17 00:00,2012/08/17 00:00,rs157580,,,,,,0,intron,(TOMM40)
1973490210613,rs6859,6.9E-41,<a href='http://www.ncbi.nlm.nih.gov/pubmed/19734902' target='_blank'>19734902</a>,Table S2,Alzheimer's disease,"Neuro,Alzheimer's disease",19,44878777,(PVRL2),Nat Genet,2009/09/06 00:00,Alzheimer's disease,n,n,"3941 EA cases, 7848 EA controls","2023 EA cases, 2340 EA controls",European,11789,4363,16152,A;0.3906,A/G;0.473806;0.111403,YES,,,,,,,,,,,,Illumina [529205],intron,,2012/08/17 00:00,2012/08/17 00:00,rs6859,,,,,,0,intron,(PVRL2)
235625408617466,rs12972970,3.7E-40,<a href='http://www.ncbi.nlm.nih.gov/pubmed/23562540' target='_blank'>23562540</a>,Table2,Cerebrospinal fluid (CSF) amyloid-beta (Ab42),"Quantitative trait(s),Neuro,Alzheimer's disease",19,44884339,(PVRL2),Neuron,2013/04/03 00:00,Cerebrospinal fluid tau,n,n,"591 European ancestry cases, 687 European ancestry controls",,European,1278,0,1278,A;0.0936639,A/G;0.169782;0.236781,YES,,,,,,,,,,,,"Illumina [5,815,690] (imputed)",intron,,2014/09/15 00:00,2014/09/15 00:00,rs12972970,,,,,,0,intron,(PVRL2)
235625408854961,rs34342646,4.2E-40,<a href='http://www.ncbi.nlm.nih.gov/pubmed/23562540' target='_blank'>23562540</a>,Table2,Cerebrospinal fluid (CSF) amyloid-beta (Ab42),"Quantitative trait(s),Neuro,Alzheimer's disease",19,44884873,(PVRL2),Neuron,2013/04/03 00:00,Cerebrospinal fluid tau,n,n,"591 European ancestry cases, 687 European ancestry controls",,European,1278,0,1278,A;0.0936639,A/G;0.169782;0.236781,YES,,,,,,,,,,,,"Illumina [5,815,690] (imputed)",intron,,2014/09/15 00:00,2014/09/15 00:00,rs34342646,,,,,,0,intron,(PVRL2)
235625408855034,rs34404554,1.0E-39,<a href='http://www.ncbi.nlm.nih.gov/pubmed/23562540' target='_blank'>23562540</a>,Table2,Cerebrospinal fluid (CSF) amyloid-beta (Ab42),"Quantitative trait(s),Neuro,Alzheimer's disease",19,44892652,(TOMM40),Neuron,2013/04/03 00:00,Cerebrospinal fluid tau,n,n,"591 European ancestry cases, 687 European ancestry controls",,European,1278,0,1278,G;0.118916,C/G;0.20955;0.246706,YES,,,,,,,,,,,,"Illumina [5,815,690] (imputed)",intron,,2014/09/15 00:00,2014/09/15 00:00,rs34404554,,,,,,0,intron,(TOMM40)
235625408341846,rs11556505,1.1E-39,<a href='http://www.ncbi.nlm.nih.gov/pubmed/23562540' target='_blank'>23562540</a>,Table2,Cerebrospinal fluid (CSF) amyloid-beta (Ab42),"Quantitative trait(s),Neuro,Alzheimer's disease",19,44892887,(TOMM40),Neuron,2013/04/03 00:00,Cerebrospinal fluid tau,n,n,"591 European ancestry cases, 687 European ancestry controls",,European,1278,0,1278,T;0.126722,C/T;0.221327;0.24835,YES,,,,,,,,,,,,"Illumina [5,815,690] (imputed)",cds-synon,,2014/09/15 00:00,2014/09/15 00:00,rs11556505,,,,,,0,cds-synon,(TOMM40)
174748192478735,rs4420638,1.1E-39,<a href='http://www.ncbi.nlm.nih.gov/pubmed/17474819' target='_blank'>17474819</a>,Text,Sporadic late onset Alzheimer's disease,"Neuro,Alzheimer's disease",19,44919689,,J Clin Psychiatry,2007/04/15 00:00,Alzheimer's disease,n,n,664 (unspecified) cases + 422 controls,,Unspecified,1086,0,1086,G;0.1639,A/G;?;?,YES,,,,,,,,,,,,Affymetrix [~502627],nearGene-3,107741,2012/08/17 00:00,2012/08/17 00:00,rs4420638,,,,,,0,nearGene-3,(APOC1)
235625406905033,rs2075650,2.2E-39,<a href='http://www.ncbi.nlm.nih.gov/pubmed/23562540' target='_blank'>23562540</a>,Table2,Cerebrospinal fluid (CSF) amyloid-beta (Ab42),"Quantitative trait(s),Neuro,Alzheimer's disease",19,44892362,(TOMM40),Neuron,2013/04/03 00:00,Cerebrospinal fluid tau,n,n,"591 European ancestry cases, 687 European ancestry controls",,European,1278,0,1278,G;0.133609,A/G;0.231515;0.249316,YES,,,,,,,,,,,,"Illumina [5,815,690] (imputed)",intron,104310,2014/09/15 00:00,2014/09/15 00:00,rs2075650,,,,,,0,intron,(TOMM40)
20460622297601,rs439401,2.8E-39,<a href='http://www.ncbi.nlm.nih.gov/pubmed/20460622' target='_blank'>20460622</a>,TableS2,Alzheimer's disease,"Neuro,Alzheimer's disease",19,44911194,,JAMA,2010/05/12 00:00,Alzheimer's disease,n,n,"973 EA incident cases, 2033 EA cases, 14642 EA controls",6505 EA cases + 13532 controls,European,17648,20037,37685,T;0.3942,C/T;?;?,YES,,,,,,,,,,,,Affymetrix & Illumina [~2.5 million] (imputed),"upstream,downstream",,2012/08/17 00:00,2012/08/17 00:00,rs439401,APOE,1801,APOC1,3126,APOE,1,,
235651376427257,rs519113,5.1E-39,<a href='http://www.ncbi.nlm.nih.gov/pubmed/23565137' target='_blank'>23565137</a>,Table2Supp,Late onset Alzheimer's disease,"Neuro,Alzheimer's disease",19,44873027,(PVRL2),PLoS One,2013/04/02 00:00,"Alzheimer's disease, late onset",n,n,"891 Japanese ancestry cases, 844 Japanese ancestry controls","1,224 East Asian ancestry cases, 2,114 East Asian ancestry controls, 11,840 European ancestry cases, 10,931 European ancestry controls",Mixed,1735,26109,27844,G;0.253444,C/G;0.37842;0.214495,YES,,,,,,,,,,,,"Affymetrix [5,877,918] (imputed)",intron,,2014/09/15 00:00,2014/09/15 00:00,rs519113,,,,,,0,intron,(PVRL2)
197349023987770,rs8106922,5.4E-39,<a href='http://www.ncbi.nlm.nih.gov/pubmed/19734902' target='_blank'>19734902</a>,Table S2,Alzheimer's disease,"Neuro,Alzheimer's disease",19,44898409,(TOMM40),Nat Genet,2009/09/06 00:00,Alzheimer's disease,n,n,"3941 EA cases, 7848 EA controls","2023 EA cases, 2340 EA controls",European,11789,4363,16152,G;0.3017,A/G;?;?,YES,,,,,,,,,,,,Illumina [529205],intron,,2012/08/17 00:00,2012/08/17 00:00,rs8106922,,,,,,0,intron,(TOMM40)
235625408861095,rs71352238,5.7E-39,<a href='http://www.ncbi.nlm.nih.gov/pubmed/23562540' target='_blank'>23562540</a>,Table2,Cerebrospinal fluid (CSF) amyloid-beta (Ab42),"Quantitative trait(s),Neuro,Alzheimer's disease",19,44891079,,Neuron,2013/04/03 00:00,Cerebrospinal fluid tau,n,n,"591 European ancestry cases, 687 European ancestry controls",,European,1278,0,1278,C;0.097337,C/T;0.175725;0.238712,YES,,,,,,,,,,,,"Illumina [5,815,690] (imputed)",nearGene-5,,2014/09/15 00:00,2014/09/15 00:00,rs71352238,,,,,,0,nearGene-5,(TOMM40)
214608404506748,rs10402271,7.2E-39,<a href='http://www.ncbi.nlm.nih.gov/pubmed/21460840' target='_blank'>21460840</a>,TableS2,Alzheimer's disease,"Neuro,Alzheimer's disease",19,44825957,,Nat Genet,2011/04/03 00:00,Alzheimer's disease,n,n,"6688 EA cases, 13685 EA controls","13182 EA cases, 26161 EA controls",European,20373,39343,59716,G;0.2486,G/T;?;?,YES,,,,,,,,,,,,Affymetrix & Illumina [496763],"upstream,downstream",,2012/08/17 00:00,2012/08/17 00:00,rs10402271,BCAM,4536,PVRL2,20179,BCAM,1,,
19734902279721,rs405509,4.9E-37,<a href='http://www.ncbi.nlm.nih.gov/pubmed/19734902' target='_blank'>19734902</a>,Table S2,Alzheimer's disease,"Neuro,Alzheimer's disease",19,44905579,,Nat Genet,2009/09/06 00:00,Alzheimer's disease,n,n,"3941 EA cases, 7848 EA controls","2023 EA cases, 2340 EA controls",European,11789,4363,16152,T;0.4927,A/C;?;?,YES,Feature start:end=45408836:45408836(OREG0001951:REGULATORY POLYMORPHISM;APOE;;;Direct gel shift; Transient transfection luciferase assay;rs405509;9468288;),,,,,,,,,,,Illumina [529205],nearGene-5,,2012/08/17 00:00,2012/08/17 00:00,rs405509,,,,,,0,nearGene-5,(APOE)
235625408617363,rs12972156,6.3E-37,<a href='http://www.ncbi.nlm.nih.gov/pubmed/23562540' target='_blank'>23562540</a>,Table2,Cerebrospinal fluid (CSF) amyloid-beta (Ab42),"Quantitative trait(s),Neuro,Alzheimer's disease",19,44884202,(PVRL2),Neuron,2013/04/03 00:00,Cerebrospinal fluid tau,n,n,"591 European ancestry cases, 687 European ancestry controls",,European,1278,0,1278,G;0.0936639,C/G;0.169782;0.236781,YES,,,,,,,,,,,,"Illumina [5,815,690] (imputed)",intron,,2014/09/15 00:00,2014/09/15 00:00,rs12972156,,,,,,0,intron,(PVRL2)
228329616308465,rs157580,1.0E-36,<a href='http://www.ncbi.nlm.nih.gov/pubmed/22832961' target='_blank'>22832961</a>,Table S,Late onset Alzheimer's disease,"Neuro,Alzheimer's disease",19,44892009,(TOMM40),Transl Psychiatry,2012/05/15 00:00,"Alzheimer's disease, late onset",n,n,"1,291 European ancestry cases, 938 European ancestry controls","509 European ancestry cases, 753 European ancestry controls, 2,218 cases, 2,583 controls",European,2229,6063,8292,G;0.370983,A/G;0.466709;0.124648,YES,,,,,,,,,,,,"Illumina [2,543,888] (imputed)",intron,,2014/09/15 00:00,2014/09/15 00:00,rs157580,,,,,,0,intron,(TOMM40)
214608412705998,rs4803770,1.1E-35,<a href='http://www.ncbi.nlm.nih.gov/pubmed/21460841' target='_blank'>21460841</a>,Table S7,Late onset Alzheimer's disease,"Neuro,Alzheimer's disease",19,44924096,,Nat Genet,2011/04/03 00:00,"Alzheimer's disease, late onset",n,n,"8309 EA cases, 7366 EA controls","10523 EA cases, 28231 EA controls",European,15675,38754,54429,G;0.2871,C/G;?;?,YES,,,,,,,,,,,,Affymetrix & Illumina [2324889] (imputed),"downstream,upstream",,2012/08/17 00:00,2012/08/17 00:00,rs4803770,APOC1,4747,APOC1P1,2707,APOC1P1,1,,
2046062210624,rs6859,2.8E-34,<a href='http://www.ncbi.nlm.nih.gov/pubmed/20460622' target='_blank'>20460622</a>,TableS2,Alzheimer's disease,"Neuro,Alzheimer's disease",19,44878777,(PVRL2),JAMA,2010/05/12 00:00,Alzheimer's disease,n,n,"973 EA incident cases, 2033 EA cases, 14642 EA controls",6505 EA cases + 13532 controls,European,17648,20037,37685,A;0.3906,A/G;0.473806;0.111403,YES,,,,,,,,,,,,Affymetrix & Illumina [~2.5 million] (imputed),intron,,2012/08/17 00:00,2012/08/17 00:00,rs6859,,,,,,0,intron,(PVRL2)
228329616405375,rs439401,4.0E-34,<a href='http://www.ncbi.nlm.nih.gov/pubmed/22832961' target='_blank'>22832961</a>,Table S,Late onset Alzheimer's disease,"Neuro,Alzheimer's disease",19,44911194,,Transl Psychiatry,2012/05/15 00:00,"Alzheimer's disease, late onset",n,n,"1,291 European ancestry cases, 938 European ancestry controls","509 European ancestry cases, 753 European ancestry controls, 2,218 cases, 2,583 controls",European,2229,6063,8292,T;0.394399,C/T;0.477697;0.103219,YES,,,,,,,,,,,,"Illumina [2,543,888] (imputed)","upstream,downstream",,2014/09/15 00:00,2014/09/15 00:00,rs439401,APOE,1801,APOC1,3126,APOE,1,,
1913694910612,rs6859,5.5E-34,<a href='http://www.ncbi.nlm.nih.gov/pubmed/19136949' target='_blank'>19136949</a>,Table S3,Late onset Alzheimer's disease,"Neuro,Alzheimer's disease",19,44878777,(PVRL2),Nat Genet,2009/01/11 00:00,"Alzheimer's disease, late onset",n,n,"844 EA cases, 1255 controls","1547 EA cases, 1209 controls",European,2099,2756,4855,A;0.3906,A/G;0.473806;0.111403,YES,,,,,,,,,,,,Illumina [313504],intron,,2012/08/17 00:00,2012/08/17 00:00,rs6859,,,,,,0,intron,(PVRL2)
204606223987773,rs8106922,6.4E-34,<a href='http://www.ncbi.nlm.nih.gov/pubmed/20460622' target='_blank'>20460622</a>,TableS2,Alzheimer's disease,"Neuro,Alzheimer's disease",19,44898409,(TOMM40),JAMA,2010/05/12 00:00,Alzheimer's disease,n,n,"973 EA incident cases, 2033 EA cases, 14642 EA controls",6505 EA cases + 13532 controls,European,17648,20037,37685,G;0.3017,A/G;?;?,YES,,,,,,,,,,,,Affymetrix & Illumina [~2.5 million] (imputed),intron,,2012/08/17 00:00,2012/08/17 00:00,rs8106922,,,,,,0,intron,(TOMM40)
22159054867807,rs1160985,2.8E-33,<a href='http://www.ncbi.nlm.nih.gov/pubmed/22159054' target='_blank'>22159054</a>,Table 4,Late onset Alzheimer's disease,"Neuro,Alzheimer's disease",19,44900155,(TOMM40),Arch Neurol,1900/01/01 00:00,Alzheimer's disease,n,n,"513 African American ancestry cases, 496 African American ancestry controls",3568 EA cases + 6205 controls,Mixed,1009,9773,10782,T;0.4574,C/T;?;?,YES,,,,,,,,,,,,Illumina [2505093] (imputed),intron,,2012/08/17 00:00,2012/08/17 00:00,rs1160985,,,,,,0,intron,(TOMM40)
224306746308486,rs157580,5.4E-32,<a href='http://www.ncbi.nlm.nih.gov/pubmed/22430674' target='_blank'>22430674</a>,Table 1,Alzheimer's disease,"Neuro,Alzheimer's disease",19,44892009,(TOMM40),Mol Psychiatry,2012/03/20 00:00,Alzheimer's disease,n,n,"2,025 European ancestry cases, 5,328 European ancestry controls","7,913 European ancestry cases, 10,417 European ancestry controls",European,7353,18330,25683,G;0.370983,A/G;0.466709;0.124648,YES,,,,,,,,,,,,Illumina [~7.7 million] (imputed),intron,,2014/09/15 00:00,2014/09/15 00:00,rs157580,,,,,,0,intron,(TOMM40)
19136949297583,rs439401,1.6E-31,<a href='http://www.ncbi.nlm.nih.gov/pubmed/19136949' target='_blank'>19136949</a>,Table S3,Late onset Alzheimer's disease,"Neuro,Alzheimer's disease",19,44911194,,Nat Genet,2009/01/11 00:00,"Alzheimer's disease, late onset",n,n,"844 EA cases, 1255 controls","1547 EA cases, 1209 controls",European,2099,2756,4855,T;0.3942,C/T;?;?,YES,,,,,,,,,,,,Illumina [313504],"upstream,downstream",,2012/08/17 00:00,2012/08/17 00:00,rs439401,APOE,1801,APOC1,3126,APOE,1,,
228329616281546,rs6859,2.5E-29,<a href='http://www.ncbi.nlm.nih.gov/pubmed/22832961' target='_blank'>22832961</a>,Table S,Late onset Alzheimer's disease,"Neuro,Alzheimer's disease",19,44878777,(PVRL2),Transl Psychiatry,2012/05/15 00:00,"Alzheimer's disease, late onset",n,n,"1,291 European ancestry cases, 938 European ancestry controls","509 European ancestry cases, 753 European ancestry controls, 2,218 cases, 2,583 controls",European,2229,6063,8292,A;0.389807,A/G;0.475715;0.107484,YES,,,,,,,,,,,,"Illumina [2,543,888] (imputed)",intron,,2014/09/15 00:00,2014/09/15 00:00,rs6859,,,,,,0,intron,(PVRL2)
2215905472147,rs157580,2.8E-29,<a href='http://www.ncbi.nlm.nih.gov/pubmed/22159054' target='_blank'>22159054</a>,Table S1,Late onset Alzheimer's disease,"Neuro,Alzheimer's disease",19,44892009,(TOMM40),Arch Neurol,1900/01/01 00:00,Alzheimer's disease,n,n,"513 African American ancestry cases, 496 African American ancestry controls",3568 EA cases + 6205 controls,Mixed,1009,9773,10782,G;0.3704,A/G;0.45915;0.136954,YES,,,,,,,,,,,,Illumina [2505093] (imputed),intron,,2012/08/17 00:00,2012/08/17 00:00,rs157580,,,,,,0,intron,(TOMM40)
20460622279730,rs405509,1.0E-28,<a href='http://www.ncbi.nlm.nih.gov/pubmed/20460622' target='_blank'>20460622</a>,TableS2,Alzheimer's disease,"Neuro,Alzheimer's disease",19,44905579,,JAMA,2010/05/12 00:00,Alzheimer's disease,n,n,"973 EA incident cases, 2033 EA cases, 14642 EA controls",6505 EA cases + 13532 controls,European,17648,20037,37685,T;0.4927,A/C;?;?,YES,Feature start:end=45408836:45408836(OREG0001951:REGULATORY POLYMORPHISM;APOE;;;Direct gel shift; Transient transfection luciferase assay;rs405509;9468288;),,,,,,,,,,,Affymetrix & Illumina [~2.5 million] (imputed),nearGene-5,,2012/08/17 00:00,2012/08/17 00:00,rs405509,,,,,,0,nearGene-5,(APOE)
214608412335241,rs3852861,1.9E-28,<a href='http://www.ncbi.nlm.nih.gov/pubmed/21460841' target='_blank'>21460841</a>,Table S5,Late onset Alzheimer's disease,"Neuro,Alzheimer's disease",19,44879804,(PVRL2),Nat Genet,2011/04/03 00:00,"Alzheimer's disease, late onset",n,n,"8309 EA cases, 7366 EA controls","10523 EA cases, 28231 EA controls",European,15675,38754,54429,G;0.4995,G/T;?;?,YES,,,,,,,,,,,,Affymetrix & Illumina [2324889] (imputed),intron,,2012/08/17 00:00,2012/08/17 00:00,rs3852861,,,,,,0,intron,(PVRL2)
221590543987786,rs8106922,2.1E-28,<a href='http://www.ncbi.nlm.nih.gov/pubmed/22159054' target='_blank'>22159054</a>,Table 4,Late onset Alzheimer's disease,"Neuro,Alzheimer's disease",19,44898409,(TOMM40),Arch Neurol,1900/01/01 00:00,Alzheimer's disease,n,n,"513 African American ancestry cases, 496 African American ancestry controls",3568 EA cases + 6205 controls,Mixed,1009,9773,10782,G;0.3017,A/G;?;?,YES,,,,,,,,,,,,Illumina [2505093] (imputed),intron,,2012/08/17 00:00,2012/08/17 00:00,rs8106922,,,,,,0,intron,(TOMM40)
228329617905898,rs8106922,2.2E-28,<a href='http://www.ncbi.nlm.nih.gov/pubmed/22832961' target='_blank'>22832961</a>,Table S,Late onset Alzheimer's disease,"Neuro,Alzheimer's disease",19,44898409,(TOMM40),Transl Psychiatry,2012/05/15 00:00,"Alzheimer's disease, late onset",n,n,"1,291 European ancestry cases, 938 European ancestry controls","509 European ancestry cases, 753 European ancestry controls, 2,218 cases, 2,583 controls",European,2229,6063,8292,G;0.301194,A/G;0.420952;0.182415,YES,,,,,,,,,,,,"Illumina [2,543,888] (imputed)",intron,,2014/09/15 00:00,2014/09/15 00:00,rs8106922,,,,,,0,intron,(TOMM40)
228329616398031,rs405509,3.8E-27,<a href='http://www.ncbi.nlm.nih.gov/pubmed/22832961' target='_blank'>22832961</a>,Table S,Late onset Alzheimer's disease,"Neuro,Alzheimer's disease",19,44905579,,Transl Psychiatry,2012/05/15 00:00,"Alzheimer's disease, late onset",n,n,"1,291 European ancestry cases, 938 European ancestry controls","509 European ancestry cases, 753 European ancestry controls, 2,218 cases, 2,583 controls",European,2229,6063,8292,T;0.493113,A/C;0.499905;0.00688635,YES,Feature start:end=45408836:45408836(OREG0001951:REGULATORY POLYMORPHISM;APOE;;;Direct gel shift; Transient transfection luciferase assay;rs405509;9468288;),,,,,,,,,,,"Illumina [2,543,888] (imputed)",nearGene-5,,2014/09/15 00:00,2014/09/15 00:00,rs405509,,,,,,0,nearGene-5,(APOE)
22159054553010,rs769450,5.3E-27,<a href='http://www.ncbi.nlm.nih.gov/pubmed/22159054' target='_blank'>22159054</a>,Table S1,Late onset Alzheimer's disease,"Neuro,Alzheimer's disease",19,44907187,(APOE),Arch Neurol,1900/01/01 00:00,Alzheimer's disease,n,n,"513 African American ancestry cases, 496 African American ancestry controls",3568 EA cases + 6205 controls,Mixed,1009,9773,10782,A;0.326,A/G;?;?,YES,,,,,,,,,,,,Illumina [2505093] (imputed),intron,,2012/08/17 00:00,2012/08/17 00:00,rs769450,,,,,,0,intron,(APOE)
19136949279719,rs405509,6.2E-27,<a href='http://www.ncbi.nlm.nih.gov/pubmed/19136949' target='_blank'>19136949</a>,Table S3,Late onset Alzheimer's disease,"Neuro,Alzheimer's disease",19,44905579,,Nat Genet,2009/01/11 00:00,"Alzheimer's disease, late onset",n,n,"844 EA cases, 1255 controls","1547 EA cases, 1209 controls",European,2099,2756,4855,T;0.4927,A/C;?;?,YES,Feature start:end=45408836:45408836(OREG0001951:REGULATORY POLYMORPHISM;APOE;;;Direct gel shift; Transient transfection luciferase assay;rs405509;9468288;),,,,,,,,,,,Illumina [313504],nearGene-5,,2012/08/17 00:00,2012/08/17 00:00,rs405509,,,,,,0,nearGene-5,(APOE)
191369493987769,rs8106922,7.6E-27,<a href='http://www.ncbi.nlm.nih.gov/pubmed/19136949' target='_blank'>19136949</a>,Table S3,Late onset Alzheimer's disease,"Neuro,Alzheimer's disease",19,44898409,(TOMM40),Nat Genet,2009/01/11 00:00,"Alzheimer's disease, late onset",n,n,"844 EA cases, 1255 controls","1547 EA cases, 1209 controls",European,2099,2756,4855,G;0.3017,A/G;?;?,YES,,,,,,,,,,,,Illumina [313504],intron,,2012/08/17 00:00,2012/08/17 00:00,rs8106922,,,,,,0,intron,(TOMM40)
197349024506726,rs10402271,1.5E-26,<a href='http://www.ncbi.nlm.nih.gov/pubmed/19734902' target='_blank'>19734902</a>,Table S2,Alzheimer's disease,"Neuro,Alzheimer's disease",19,44825957,,Nat Genet,2009/09/06 00:00,Alzheimer's disease,n,n,"3941 EA cases, 7848 EA controls","2023 EA cases, 2340 EA controls",European,11789,4363,16152,G;0.2486,G/T;?;?,YES,,,,,,,,,,,,Illumina [529205],"upstream,downstream",,2012/08/17 00:00,2012/08/17 00:00,rs10402271,BCAM,4536,PVRL2,20179,BCAM,1,,
228329617381285,rs4803763,5.9E-26,<a href='http://www.ncbi.nlm.nih.gov/pubmed/22832961' target='_blank'>22832961</a>,Table S,Late onset Alzheimer's disease,"Neuro,Alzheimer's disease",19,44854034,(PVRL2),Transl Psychiatry,2012/05/15 00:00,"Alzheimer's disease, late onset",n,n,"1,291 European ancestry cases, 938 European ancestry controls","509 European ancestry cases, 753 European ancestry controls, 2,218 cases, 2,583 controls",European,2229,6063,8292,C;0.221304,C/G;0.344657;0.231387,YES,,,,,,,,,,,,"Illumina [2,543,888] (imputed)",intron,,2014/09/15 00:00,2014/09/15 00:00,rs4803763,,,,,,0,intron,(PVRL2)
2046062272153,rs157582,8.8E-26,<a href='http://www.ncbi.nlm.nih.gov/pubmed/20460622' target='_blank'>20460622</a>,TableS2,Alzheimer's disease,"Neuro,Alzheimer's disease",19,44892962,(TOMM40),JAMA,2010/05/12 00:00,Alzheimer's disease,n,n,"973 EA incident cases, 2033 EA cases, 14642 EA controls",6505 EA cases + 13532 controls,European,17648,20037,37685,T;0.2775,A/G;0.425709;0.177838,YES,,,,,,,,,,,,Affymetrix & Illumina [~2.5 million] (imputed),intron,,2012/08/17 00:00,2012/08/17 00:00,rs157582,,,,,,0,intron,(TOMM40)
22159054297622,rs439401,1.4E-25,<a href='http://www.ncbi.nlm.nih.gov/pubmed/22159054' target='_blank'>22159054</a>,Table S1,Late onset Alzheimer's disease,"Neuro,Alzheimer's disease",19,44911194,,Arch Neurol,1900/01/01 00:00,Alzheimer's disease,n,n,"513 African American ancestry cases, 496 African American ancestry controls",3568 EA cases + 6205 controls,Mixed,1009,9773,10782,T;0.3942,C/T;?;?,YES,,,,,,,,,,,,Illumina [2505093] (imputed),"upstream,downstream",,2012/08/17 00:00,2012/08/17 00:00,rs439401,APOE,1801,APOC1,3126,APOE,1,,
22159054394060,rs584007,1.6E-25,<a href='http://www.ncbi.nlm.nih.gov/pubmed/22159054' target='_blank'>22159054</a>,Table S1,Late onset Alzheimer's disease,"Neuro,Alzheimer's disease",19,44913221,,Arch Neurol,1900/01/01 00:00,Alzheimer's disease,n,n,"513 African American ancestry cases, 496 African American ancestry controls",3568 EA cases + 6205 controls,Mixed,1009,9773,10782,A;0.3961,A/G;?;?,YES,,,,,,,,,,,,Illumina [2505093] (imputed),nearGene-5,,2012/08/17 00:00,2012/08/17 00:00,rs584007,,,,,,0,nearGene-5,(APOC1)
214608415103279,rs11673139,2.0E-25,<a href='http://www.ncbi.nlm.nih.gov/pubmed/21460841' target='_blank'>21460841</a>,Table S5,Late onset Alzheimer's disease,"Neuro,Alzheimer's disease",19,44879780,(PVRL2),Nat Genet,2011/04/03 00:00,"Alzheimer's disease, late onset",n,n,"8309 EA cases, 7366 EA controls","10523 EA cases, 28231 EA controls",European,15675,38754,54429,T;0.0636,A/T;?;?,YES,,,,,,,,,,,,Affymetrix & Illumina [2324889] (imputed),intron,,2012/08/17 00:00,2012/08/17 00:00,rs11673139,,,,,,0,intron,(PVRL2)